[
{
    "model": "barmeister.tag",
    "pk": 2,
    "fields": {
        "name": "Lime juice cocktails",
        "photo": "uploads/tags/lime-juice-cocktails-f0715016-6957-4e86-96d1-40b71d920ac5.svg"
    }
},
{
    "model": "barmeister.tag",
    "pk": 3,
    "fields": {
        "name": "Red wine coctails",
        "photo": "uploads/tags/red-wine-coctails-0344008c-542d-42f6-8f66-c2b6455097d3.svg"
    }
},
{
    "model": "barmeister.tag",
    "pk": 4,
    "fields": {
        "name": "Sherry(Sweet) cocktails",
        "photo": "uploads/tags/sherrysweet-cocktails-40c70cc8-2f30-44ed-ad04-8e02691b5aa2.svg"
    }
},
{
    "model": "barmeister.tag",
    "pk": 5,
    "fields": {
        "name": "Lemon  juice cocktails",
        "photo": "uploads/tags/lemon-juice-cocktails-a7de1c2a-854d-464b-a74f-13c4405f4cfa.svg"
    }
},
{
    "model": "barmeister.tag",
    "pk": 6,
    "fields": {
        "name": "Cachaca cocktails",
        "photo": "uploads/tags/cachaca-cocktails-e2e66569-2d94-4aee-9895-685cd348a94d.svg"
    }
},
{
    "model": "barmeister.tag",
    "pk": 7,
    "fields": {
        "name": "Gin cocktails",
        "photo": "uploads/tags/gin-cocktails-1bf6b4e8-bc9d-4b08-827a-b70102bf4622.svg"
    }
},
{
    "model": "barmeister.tag",
    "pk": 8,
    "fields": {
        "name": "Frangelico cocktails",
        "photo": "uploads/tags/frangelico-cocktails-d8e5725b-07c7-47c2-8555-1a900cdf8be1.svg"
    }
},
{
    "model": "barmeister.tag",
    "pk": 9,
    "fields": {
        "name": "Vodka cocktails",
        "photo": "uploads/tags/vodka-cocktails-329dc155-90da-4629-90a7-84e8fa001e00.svg"
    }
},
{
    "model": "barmeister.tag",
    "pk": 10,
    "fields": {
        "name": "Tequila cocktails",
        "photo": "uploads/tags/tequila-cocktails-02d66c66-91d6-49bb-83e4-9e53603efa8d.svg"
    }
},
{
    "model": "barmeister.tag",
    "pk": 11,
    "fields": {
        "name": "Apple juice cocktails",
        "photo": "uploads/tags/apple-juice-cocktails-a2f588d3-2101-4d43-a283-5512bd987e05.svg"
    }
},
{
    "model": "barmeister.tag",
    "pk": 12,
    "fields": {
        "name": "Blueberry Schnapps cocktails",
        "photo": "uploads/tags/blueberry-schnapps-cocktails-132dadee-e108-4fbb-a692-b13f5bc87414.svg"
    }
},
{
    "model": "barmeister.tag",
    "pk": 13,
    "fields": {
        "name": "Bourbon cocktails",
        "photo": "uploads/tags/bourbon-cocktails-17324b82-712d-43d0-87ba-2db042d3d955.svg"
    }
},
{
    "model": "barmeister.tag",
    "pk": 14,
    "fields": {
        "name": "Angostura Bitters cocktails",
        "photo": "uploads/tags/angostura-bitters-cocktails-89501bed-e4ab-498e-a9ab-ab61805a027d.svg"
    }
},
{
    "model": "barmeister.tag",
    "pk": 15,
    "fields": {
        "name": "Champagne / prosecco cocktails",
        "photo": "uploads/tags/champagne-prosecco-cocktails-a4b2ba12-ecc2-4e59-ab88-23d01d7a5172.svg"
    }
},
{
    "model": "barmeister.tag",
    "pk": 16,
    "fields": {
        "name": "Coffee liqueur cocktails",
        "photo": "uploads/tags/coffee-liqueur-cocktails-e55c021b-ad16-4388-994e-5ca2140620f5.svg"
    }
},
{
    "model": "barmeister.tag",
    "pk": 17,
    "fields": {
        "name": "Pear Juice cocktails",
        "photo": "uploads/tags/pear-juice-cocktails-ea844b9a-281e-40cc-b161-70e66714904e.svg"
    }
},
{
    "model": "barmeister.tag",
    "pk": 18,
    "fields": {
        "name": "Cranberry Juice cocktails",
        "photo": "uploads/tags/cranberry-juice-cocktails-05ab519b-e278-465b-bc9f-6ea6bf65116b.svg"
    }
},
{
    "model": "barmeister.tag",
    "pk": 19,
    "fields": {
        "name": "Triple Sec cocktails",
        "photo": "uploads/tags/triple-sec-cocktails-aaf3fdda-11c6-42f3-9044-305a46b720a9.svg"
    }
},
{
    "model": "barmeister.tag",
    "pk": 20,
    "fields": {
        "name": "Sugar Syrup cocktails",
        "photo": "uploads/tags/sugar-syrup-cocktails-50d140b3-1913-40c2-ae99-6e092097ed07.svg"
    }
},
{
    "model": "barmeister.tag",
    "pk": 21,
    "fields": {
        "name": "Port cocktails",
        "photo": "uploads/tags/port-cocktails-fa97204f-edfa-4c7b-a216-bf472cf83bb6.svg"
    }
},
{
    "model": "barmeister.tag",
    "pk": 22,
    "fields": {
        "name": "Cardamom pods cocktails",
        "photo": "uploads/tags/cardamom-pods-cocktails-647d10f4-40fe-4e81-a1e2-0f7313b39817.svg"
    }
},
{
    "model": "barmeister.tag",
    "pk": 23,
    "fields": {
        "name": "Red vermouth cocktails",
        "photo": "uploads/tags/red-vermouth-cocktails-dd7bd282-dc30-4ddc-b03f-79ff38265886.svg"
    }
},
{
    "model": "barmeister.tag",
    "pk": 24,
    "fields": {
        "name": "Grenadine cocktails",
        "photo": "uploads/tags/grenadine-cocktails-4f6fa2b8-c9c1-4181-a4f3-3f07b9abc480.svg"
    }
},
{
    "model": "barmeister.tag",
    "pk": 25,
    "fields": {
        "name": "Mint Liqueur cocktails",
        "photo": "uploads/tags/mint-liqueur-cocktails-ec79a254-c86a-47c8-b98f-f2822051ee38.svg"
    }
},
{
    "model": "barmeister.tag",
    "pk": 26,
    "fields": {
        "name": "Pineapple rum cocktail",
        "photo": "uploads/tags/pineapple-rum-cocktail-c43cc82b-cd37-44a0-ad0f-c140dc87a97a.svg"
    }
},
{
    "model": "barmeister.ingredient",
    "pk": 1,
    "fields": {
        "name": "Vodka"
    }
},
{
    "model": "barmeister.ingredient",
    "pk": 2,
    "fields": {
        "name": "Tomato juice"
    }
},
{
    "model": "barmeister.ingredient",
    "pk": 3,
    "fields": {
        "name": "Ice"
    }
},
{
    "model": "barmeister.ingredient",
    "pk": 4,
    "fields": {
        "name": "Lime juice"
    }
},
{
    "model": "barmeister.ingredient",
    "pk": 5,
    "fields": {
        "name": "Tabasco Pepper Sauce"
    }
},
{
    "model": "barmeister.ingredient",
    "pk": 6,
    "fields": {
        "name": "Celery"
    }
},
{
    "model": "barmeister.ingredient",
    "pk": 7,
    "fields": {
        "name": "Black Paper"
    }
},
{
    "model": "barmeister.ingredient",
    "pk": 8,
    "fields": {
        "name": "Worcestershire Sauce"
    }
},
{
    "model": "barmeister.ingredient",
    "pk": 9,
    "fields": {
        "name": "Green Olive"
    }
},
{
    "model": "barmeister.ingredient",
    "pk": 10,
    "fields": {
        "name": "White Rum"
    }
},
{
    "model": "barmeister.ingredient",
    "pk": 11,
    "fields": {
        "name": "Sugar syrup"
    }
},
{
    "model": "barmeister.ingredient",
    "pk": 12,
    "fields": {
        "name": "Soda"
    }
},
{
    "model": "barmeister.ingredient",
    "pk": 13,
    "fields": {
        "name": "Lime"
    }
},
{
    "model": "barmeister.ingredient",
    "pk": 14,
    "fields": {
        "name": "Mint"
    }
},
{
    "model": "barmeister.cocktailrecipe",
    "pk": 1,
    "fields": {
        "name": "Bloody Mary",
        "description": "The Bloody Mary is one of the world’s best-known cocktails, prized for its ability to jumpstart even the groggiest of mornings. Its origins aren’t exactly clear, but one likely backstory points to the mid-1930s and Fernand “Pete” Petiot, a bartender at King Cole Bar at the St. Regis hotel in New York City. Other sources credit American actor George Jessel, who was said to have favored the combination of vodka and tomato juice as customer of New York City’s 21 Club, though Petiot disputed Jessel's contributions to the creation of drink.",
        "cocktail_type": "Low-Alcoholic",
        "taste": "Salty",
        "cocktail_base": "Vodka",
        "group": "Classic",
        "how_to_make": "Pour some celery salt onto a small plate.\r\n\r\nRub the juicy side of the lemon or lime wedge along the lip of a pint glass.\r\n\r\nRoll the outer edge of the glass in celery salt until fully coated, then fill the glass with ice and set aside.\r\n\r\nSqueeze the lemon and lime wedges into a shaker and drop them in.\r\n\r\nAdd the vodka, tomato juice, horseradish, Tabasco, Worcestershire sauce, black pepper, plus a pinch of celery salt along with ice and shake gently.\r\n\r\nStrain into the prepared glass.\r\n\r\nGarnish with parsley sprig, 2 speared green olives, a lime wedge and a celery stalk (optional).",
        "preparation_time": 10,
        "preparation_method": "Shake",
        "difficulty": "Easy",
        "photo": "uploads/cocktails/bloody-mary-7262e2fc-2f50-47bd-b7f7-09bf22bcd276.jpg",
        "author": 1,
        "created_at": "2024-09-11T18:16:45.349Z",
        "tags": []
    }
},
{
    "model": "barmeister.cocktailrecipe",
    "pk": 2,
    "fields": {
        "name": "Mohito",
        "description": "The Mojito is one of the most popular rum cocktails served today, with a recipe known around the world. The origins of this classic drink can be traced to Cuba and the 16th-century cocktail El Draque. Named for Sir Francis Drake, the English sea captain and explorer who visited Havana in 1586, El Draque was composed of aguardiente (a cane-spirit precursor to rum), lime, mint and sugar. It was supposedly consumed for medicinal purposes, but it’s easy to believe that drinkers enjoyed its flavor and effects.",
        "cocktail_type": "Low-Alcoholic",
        "taste": "Sweet",
        "cocktail_base": "Rum",
        "group": "Long Drink",
        "how_to_make": "Lightly muddle the mint with the simple syrup in a shaker.\r\n\r\nAdd the rum, lime juice and ice, and give it a brief shake, then strain into a highball glass over fresh ice. Alternatively, you can use pebble ice instead and gently swizzle it all together.\r\n\r\nTop with the club soda.\r\n\r\nGarnish with a mint sprig and lime wheel.",
        "preparation_time": 15,
        "preparation_method": "Shake",
        "difficulty": "Easy",
        "photo": "uploads/cocktails/mohito-887437f2-0579-4f08-8f60-7d1462b478cf.jpg",
        "author": 2,
        "created_at": "2024-09-11T18:36:17.835Z",
        "tags": [
            2
        ]
    }
},
{
    "model": "barmeister.cocktailingredients",
    "pk": 1,
    "fields": {
        "cocktail": 1,
        "ingredient": 1,
        "unit": "ml",
        "quantity": "50"
    }
},
{
    "model": "barmeister.cocktailingredients",
    "pk": 2,
    "fields": {
        "cocktail": 1,
        "ingredient": 2,
        "unit": "ml",
        "quantity": "120"
    }
},
{
    "model": "barmeister.cocktailingredients",
    "pk": 3,
    "fields": {
        "cocktail": 1,
        "ingredient": 4,
        "unit": "ml",
        "quantity": "10"
    }
},
{
    "model": "barmeister.cocktailingredients",
    "pk": 4,
    "fields": {
        "cocktail": 1,
        "ingredient": 6,
        "unit": "gr",
        "quantity": "15"
    }
},
{
    "model": "barmeister.cocktailingredients",
    "pk": 5,
    "fields": {
        "cocktail": 1,
        "ingredient": 5,
        "unit": "ml",
        "quantity": "1"
    }
},
{
    "model": "barmeister.cocktailingredients",
    "pk": 6,
    "fields": {
        "cocktail": 1,
        "ingredient": 7,
        "unit": "gr",
        "quantity": "1"
    }
},
{
    "model": "barmeister.cocktailingredients",
    "pk": 7,
    "fields": {
        "cocktail": 1,
        "ingredient": 3,
        "unit": "gr",
        "quantity": "380"
    }
},
{
    "model": "barmeister.cocktailingredients",
    "pk": 8,
    "fields": {
        "cocktail": 1,
        "ingredient": 8,
        "unit": "ml",
        "quantity": "1"
    }
},
{
    "model": "barmeister.cocktailingredients",
    "pk": 9,
    "fields": {
        "cocktail": 1,
        "ingredient": 9,
        "unit": "pcs",
        "quantity": "2"
    }
},
{
    "model": "barmeister.cocktailingredients",
    "pk": 10,
    "fields": {
        "cocktail": 2,
        "ingredient": 10,
        "unit": "ml",
        "quantity": "50"
    }
},
{
    "model": "barmeister.cocktailingredients",
    "pk": 11,
    "fields": {
        "cocktail": 2,
        "ingredient": 11,
        "unit": "ml",
        "quantity": "15"
    }
},
{
    "model": "barmeister.cocktailingredients",
    "pk": 12,
    "fields": {
        "cocktail": 2,
        "ingredient": 12,
        "unit": "ml",
        "quantity": "100"
    }
},
{
    "model": "barmeister.cocktailingredients",
    "pk": 13,
    "fields": {
        "cocktail": 2,
        "ingredient": 13,
        "unit": "gr",
        "quantity": "80"
    }
},
{
    "model": "barmeister.cocktailingredients",
    "pk": 14,
    "fields": {
        "cocktail": 2,
        "ingredient": 14,
        "unit": "gr",
        "quantity": "3"
    }
},
{
    "model": "barmeister.cocktailingredients",
    "pk": 15,
    "fields": {
        "cocktail": 2,
        "ingredient": 3,
        "unit": "gr",
        "quantity": "200"
    }
},
{
    "model": "barmeister.comment",
    "pk": 1,
    "fields": {
        "author": 1,
        "cocktail": 1,
        "content": "Cool recipe!!",
        "commented_at": "2024-09-11T18:17:31.444Z"
    }
},
{
    "model": "barmeister.comment",
    "pk": 2,
    "fields": {
        "author": 2,
        "cocktail": 1,
        "content": "I like ii",
        "commented_at": "2024-09-11T18:26:02.213Z"
    }
},
{
    "model": "barmeister.favouritecocktails",
    "pk": 3,
    "fields": {
        "user": 2,
        "cocktail": 1,
        "added_at": "2024-09-11T18:24:25.213Z"
    }
},
{
    "model": "barmeister.rating",
    "pk": 1,
    "fields": {
        "user": 2,
        "cocktail": 1,
        "stars": 3,
        "created_at": "2024-09-11T18:25:28.097Z"
    }
},
{
    "model": "barmeister.rating",
    "pk": 2,
    "fields": {
        "user": 1,
        "cocktail": 2,
        "stars": 5,
        "created_at": "2024-09-11T18:36:31.432Z"
    }
}
]